{"cameraMode":{"drawMode":0,"name":"Shaded","section":"Shading Mode"},"sceneLighting":true,"audioPlay":false,"sceneViewState":{"showFog":true,"showMaterialUpdate":false,"showSkybox":true,"showFlares":true,"showImageEffects":true,"showParticleSystems":true,"showVisualEffectGraphs":true,"m_FxEnabled":true},"in2DMode":false,"pivot":{"x":166.96107482910157,"y":-3.862539529800415,"z":198.49453735351563},"rotation":{"x":-0.027280308306217195,"y":0.7513596415519714,"z":-0.031122835353016855,"w":-0.6586005687713623},"size":1.2412654161453248,"orthographic":true}